id,Apellido,Nombre,Distrito,Género,Sexo,Bloque,Interbloque,Voto
001,Abdala De Matarazzo,Norma Amanda,Santiago Del Estero,M,Mujer,FRENTE CIVICO POR SANTIAGO,Frente Civico Por Santiago,Afirmativo
002,Acerenza,Samanta Maria Celeste,Buenos Aires,M,Mujer,PRO,Cambiemos,Afirmativo
003,Aicega,Juan,Buenos Aires,H,Hombre,PRO,Cambiemos,Negativo
004,Allende,Walberto Enrique,San Juan,H,Hombre,TODOS JUNTOS POR SAN JUAN,Argentina Federal,Afirmativo
005,Alonso,Laura V.,Buenos Aires,M,Mujer,FRENTE PARA LA VICTORIA - PJ,Frente para la Victoria - Pj,Negativo
006,Alume Sbodio,Karim Augusto,San Luis,H,Hombre,UNIDAD JUSTICIALISTA,Unidad Justicialista,Negativo
007,Alvarez Rodriguez,Maria Cristina,Buenos Aires,M,Mujer,FRENTE PARA LA VICTORIA - PJ,Frente para la Victoria - Pj,Afirmativo
008,Amadeo,Eduardo Pablo,Buenos Aires,H,Hombre,PRO,Cambiemos,Negativo
009,Ansaloni,Pablo Miguel,Buenos Aires,H,Hombre,PRO,Cambiemos,Ausente
010,Arce,Mario Horacio,Formosa,H,Hombre,UCR,Cambiemos,Afirmativo
011,Arroyo,Daniel Fernando,Buenos Aires,H,Hombre,FEDERAL UNIDOS POR UNA NUEVA ARGENTINA,Renovador UNA,Negativo
012,Asencio,Fernando,Buenos Aires,H,Hombre,FEDERAL UNIDOS POR UNA NUEVA ARGENTINA,Renovador UNA,Negativo
013,Austin,Brenda Lis,Cordoba,M,Mujer,UCR,Cambiemos,Afirmativo
014,Avila,Beatriz Luisa,Tucuman,M,Mujer,PARTIDO POR LA JUSTICIA SOCIAL,Cambiemos,Afirmativo
015,Ayala,Aida Beatriz Maxima,Chaco,M,Mujer,UCR,Cambiemos,Negativo
016,Bahillo,Juan Jose,Entre Rios,H,Hombre,JUSTICIALISTA,Argentina Federal,Afirmativo
017,Baldassi,Hector,Cordoba,H,Hombre,PRO,Cambiemos,Afirmativo
018,Banfi,Karina,Buenos Aires,M,Mujer,UCR,Cambiemos,Afirmativo
019,Basterra,Luis Eugenio,Formosa,H,Hombre,FRENTE PARA LA VICTORIA - PJ,Frente para la Victoria - Pj,Negativo
020,Bazze,Miguel Angel,Buenos Aires,H,Hombre,UCR,Cambiemos,Afirmativo
021,Benedetti,Atilio Francisco Salvador,Entre Rios,H,Hombre,UCR,Cambiemos,Negativo
022,Berisso,Hernan,Buenos Aires,H,Hombre,PRO,Cambiemos,Negativo
023,Bevilacqua,Gustavo,Buenos Aires,H,Hombre,FEDERAL UNIDOS POR UNA NUEVA ARGENTINA,Renovador UNA,Negativo
024,Bianchi,Ivana Maria,San Luis,M,Mujer,UNIDAD JUSTICIALISTA,Unidad Justicialista,Negativo
025,Borsani,Luis Gustavo,Mendoza,H,Hombre,UCR,Cambiemos,Negativo
026,Bossio,Diego Luis,Buenos Aires,H,Hombre,JUSTICIALISTA,Argentina Federal,Negativo
027,Bragagnolo,Sebastian,Mendoza,H,Hombre,PRO,Cambiemos,Afirmativo
028,Brambilla,Sofia,Corrientes,M,Mujer,PRO,Cambiemos,Negativo
029,Britez,Maria Cristina,Misiones,M,Mujer,FRENTE PARA LA VICTORIA - PJ,Frente para la Victoria - Pj,Negativo
030,Brizuela Del Moral,Eduardo Segundo,Catamarca,H,Hombre,FRENTE CIVICO Y SOCIAL DE CATAMARCA,Cambiemos,Afirmativo
031,Brügge,Juan Fernando,Cordoba,H,Hombre,CORDOBA FEDERAL,Argentina Federal,Afirmativo
032,Bucca,Eduardo,Buenos Aires,H,Hombre,JUSTICIALISTA,Argentina Federal,Afirmativo
033,Buil,Sergio Omar,Buenos Aires,H,Hombre,PRO,Cambiemos,Afirmativo
034,Burgos,Maria Gabriela,Jujuy,M,Mujer,UCR,Cambiemos,Negativo
035,Cabandie,Juan,Ciudad De Buenos Aires,H,Hombre,FRENTE PARA LA VICTORIA - PJ,Frente para la Victoria - Pj,Negativo
036,Caceres,Eduardo Augusto,San Juan,H,Hombre,PRO,Cambiemos,Afirmativo
037,Camaño,Graciela,Buenos Aires,M,Mujer,FEDERAL UNIDOS POR UNA NUEVA ARGENTINA,Renovador UNA,Negativo
038,Campagnoli,Marcela,Buenos Aires,M,Mujer,COALICION CIVICA,Cambiemos,Afirmativo
039,Campos,Javier,Buenos Aires,H,Hombre,COALICION CIVICA,Cambiemos,Afirmativo
040,Cano,Jose Manuel,Tucuman,H,Hombre,UCR,Cambiemos,Afirmativo
041,Cantard,Albor Angel,Santa Fe,H,Hombre,UCR,Cambiemos,Afirmativo
042,Carambia,Antonio Jose,Santa Cruz,H,Hombre,PRO,Cambiemos,Afirmativo
043,Carmona,Guillermo Ramon,Mendoza,H,Hombre,FRENTE PARA LA VICTORIA - PJ,Frente para la Victoria - Pj,Negativo
044,Carol,Analuz Ailen,Tierra Del Fuego,M,Mujer,FRENTE PARA LA VICTORIA - PJ,Frente para la Victoria - Pj,Negativo
045,Carrio,Elisa Maria Avelina,Ciudad De Buenos Aires,M,Mujer,COALICION CIVICA,Cambiemos,Negativo
046,Carrizo,Ana Carla,Ciudad De Buenos Aires,M,Mujer,EVOLUCION RADICAL,Evolucion Radical,Afirmativo
047,Carrizo,Maria Soledad,Cordoba,M,Mujer,UCR,Cambiemos,Negativo
048,Carro,Pablo,Cordoba,H,Hombre,FRENTE PARA LA VICTORIA - PJ,Frente para la Victoria - Pj,Negativo
049,Caselles,Graciela Maria,San Juan,M,Mujer,PARTIDO BLOQUISTA DE SAN JUAN,Argentina Federal,Afirmativo
050,Cassinerio,Paulo Leonardo,Cordoba,H,Hombre,CORDOBA FEDERAL,Argentina Federal,Negativo
051,Castagneto,Carlos Daniel,Buenos Aires,H,Hombre,FRENTE PARA LA VICTORIA - PJ,Frente para la Victoria - Pj,Afirmativo
052,Castro,Sandra Daniela,San Juan,M,Mujer,FRENTE PARA LA VICTORIA - PJ,Frente para la Victoria - Pj,Afirmativo
053,Cerruti,Gabriela,Ciudad De Buenos Aires,M,Mujer,FRENTE PARA LA VICTORIA - PJ,Frente para la Victoria - Pj,Negativo
054,Ciampini,Jose Alberto,Neuquen,H,Hombre,FRENTE PARA LA VICTORIA - PJ,Frente para la Victoria - Pj,Afirmativo
055,Cleri,Marcos,Santa Fe,H,Hombre,FRENTE PARA LA VICTORIA - PJ,Frente para la Victoria - Pj,Negativo
056,Contigiani,Luis Gustavo,Santa Fe,H,Hombre,PARTIDO SOCIALISTA,Partido Socialista,Negativo
057,Correa,Walter,Buenos Aires,H,Hombre,FRENTE PARA LA VICTORIA - PJ,Frente para la Victoria - Pj,Negativo
058,Cresto,Mayda,Entre Rios,M,Mujer,JUSTICIALISTA,Argentina Federal,Negativo
059,David,Javier,Salta,H,Hombre,JUSTICIALISTA,Argentina Federal,Negativo
060,De Mendiguren,Jose Ignacio,Buenos Aires,H,Hombre,FEDERAL UNIDOS POR UNA NUEVA ARGENTINA,Renovador UNA,Negativo
061,De Pedro,Eduardo Enrique,Buenos Aires,H,Hombre,FRENTE PARA LA VICTORIA - PJ,Frente para la Victoria - Pj,Afirmativo
062,De Ponti,Lucila Maria,Santa Fe,M,Mujer,PERONISMO PARA LA VICTORIA,Peronismo para la Victoria - Libres del Sur,Negativo
063,De Vido,Julio,Buenos Aires,H,Hombre,FRENTE PARA LA VICTORIA - PJ,Frente para la Victoria - Pj,Afirmativo
064,Del Caño,Nicolas,Buenos Aires,H,Hombre,PTS - FRENTE DE IZQUIERDA,Pts - Frente De Izquierda,Negativo
065,Del Cerro,Gonzalo Pedro Antonio,Santa Fe,H,Hombre,UCR,Cambiemos,Afirmativo
066,Del Pla,Romina,Buenos Aires,M,Mujer,FRENTE DE IZQUIERDA Y DE LOS TRABAJADORES,Frente De Izquierda Y De Los Trabajadores,Negativo
067,Delu,Melina Aida,La Pampa,M,Mujer,JUSTICIALISTA,Argentina Federal,Negativo
068,Derna,Veronica,Misiones,M,Mujer,FRENTE DE LA CONCORDIA MISIONERO,Argentina Federal,Negativo
069,Di Stefano,Daniel,Misiones,H,Hombre,FRENTE DE LA CONCORDIA MISIONERO,Argentina Federal,Negativo
070,Dindart,Julian,Corrientes,H,Hombre,UCR,Cambiemos,Afirmativo
071,Doñate,Claudio Martin,Rio Negro,H,Hombre,FRENTE PARA LA VICTORIA - PJ,Frente para la Victoria - Pj,Afirmativo
072,Donda Perez,Victoria Analia,Ciudad De Buenos Aires,M,Mujer,LIBRES DEL SUR,Peronismo para la Victoria - Libres del Sur,Negativo
073,Echegaray,Alejandro Carlos Augusto,Buenos Aires,H,Hombre,UCR,Cambiemos,Negativo
074,Enriquez,Jorge Ricardo,Ciudad De Buenos Aires,H,Hombre,PRO,Cambiemos,Afirmativo
075,Espinoza,Fernando,Buenos Aires,H,Hombre,FRENTE PARA LA VICTORIA - PJ,Frente para la Victoria - Pj,Afirmativo
076,Estevez,Gabriela Beatriz,Cordoba,M,Mujer,FRENTE PARA LA VICTORIA - PJ,Frente para la Victoria - Pj,Afirmativo
077,Felix,Omar Chafi,Mendoza,H,Hombre,SOMOS MENDOZA,Somos Mendoza,Afirmativo
078,Fernandez Langan,Ezequiel,Buenos Aires,H,Hombre,PRO,Cambiemos,Afirmativo
079,Fernandez Patri,Gustavo Ramiro,Formosa,H,Hombre,FRENTE PARA LA VICTORIA - PJ,Frente para la Victoria - Pj,Negativo
080,Fernandez,Carlos Alberto,Buenos Aires,H,Hombre,UCR,Cambiemos,Negativo
081,Ferreyra,Araceli,Corrientes,M,Mujer,PERONISMO PARA LA VICTORIA,Peronismo para la Victoria - Libres del Sur,Negativo
082,Filmus,Daniel,Ciudad De Buenos Aires,H,Hombre,FRENTE PARA LA VICTORIA - PJ,Frente para la Victoria - Pj,Negativo
083,Flores,Danilo Adrian,La Rioja,H,Hombre,JUSTICIALISTA,Argentina Federal,Negativo
084,Flores,Hector,Buenos Aires,H,Hombre,COALICION CIVICA,Cambiemos,Afirmativo
085,Frana,Silvina Patricia,Santa Fe,M,Mujer,FRENTE PARA LA VICTORIA - PJ,Frente para la Victoria - Pj,Afirmativo
086,Franco,Jorge Daniel,Misiones,H,Hombre,FRENTE DE LA CONCORDIA MISIONERO,Argentina Federal,Negativo
087,Fregonese,Alicia,Entre Rios,M,Mujer,PRO,Cambiemos,Negativo
088,Frizza,Gabriel Alberto,Cordoba,H,Hombre,PRO,Cambiemos,Negativo
089,Furlan,Francisco Abel,Buenos Aires,H,Hombre,FRENTE PARA LA VICTORIA - PJ,Frente para la Victoria - Pj,Negativo
090,Garcia,Alejandro,Ciudad De Buenos Aires,H,Hombre,PRO,Cambiemos,Negativo
091,Garre,Nilda Celia,Ciudad De Buenos Aires,M,Mujer,FRENTE PARA LA VICTORIA - PJ,Frente para la Victoria - Pj,Negativo
092,Garreton,Facundo,Tucuman,H,Hombre,PRO,Cambiemos,Afirmativo
093,Gayol,Yanina Celeste,Entre Rios,M,Mujer,PRO,Cambiemos,Negativo
094,Ginocchio,Silvana Micaela,Catamarca,M,Mujer,ELIJO CATAMARCA,Elijo Catamarca,Afirmativo
095,Gioja,Jose Luis,San Juan,H,Hombre,FRENTE PARA LA VICTORIA - PJ,Frente para la Victoria - Pj,Afirmativo
096,Goicoechea,Horacio,Chaco,H,Hombre,UCR,Cambiemos,Negativo
097,Gonzalez Seligra,Nathalia Ines,Buenos Aires,M,Mujer,PTS - FRENTE DE IZQUIERDA,Pts - Frente De Izquierda,Negativo
098,Gonzalez,Alvaro Gustavo,Ciudad De Buenos Aires,H,Hombre,PRO,Cambiemos,Negativo
099,Gonzalez,Josefina Victoria,Santa Fe,M,Mujer,FRENTE PARA LA VICTORIA - PJ,Frente para la Victoria - Pj,Negativo
100,Grana,Adrian Eduardo,Buenos Aires,H,Hombre,FRENTE PARA LA VICTORIA - PJ,Frente para la Victoria - Pj,Negativo
101,Grande,Martin,Salta,H,Hombre,PRO,Cambiemos,Afirmativo
102,Grandinetti,Alejandro Ariel,Santa Fe,H,Hombre,FEDERAL UNIDOS POR UNA NUEVA ARGENTINA,Renovador UNA,Negativo
103,Grosso,Leonardo,Buenos Aires,H,Hombre,PERONISMO PARA LA VICTORIA,Peronismo para la Victoria - Libres del Sur,Afirmativo
104,Guerin,Maria Isabel,Buenos Aires,M,Mujer,FRENTE PARA LA VICTORIA - PJ,Frente para la Victoria - Pj,Afirmativo
105,Hernandez,Martin Osvaldo,Formosa,H,Hombre,UCR,Cambiemos,Afirmativo
106,Herrera,Luis Beder,La Rioja,H,Hombre,JUSTICIALISTA,Argentina Federal,Afirmativo
107,Hers Cabral,Anabella Ruth,Ciudad De Buenos Aires,M,Mujer,PRO,Cambiemos,Afirmativo
108,Horne,Silvia Renee,Rio Negro,M,Mujer,PERONISMO PARA LA VICTORIA,Peronismo para la Victoria - Libres del Sur,Afirmativo
109,Huczak,Stella Maris,Mendoza,M,Mujer,PRO,Cambiemos,Negativo
110,Hummel,Astrid,Santa Fe,M,Mujer,PRO,Cambiemos,Negativo
111,Huss,Juan Manuel,Entre Rios,H,Hombre,FRENTE PARA LA VICTORIA - PJ,Frente para la Victoria - Pj,Afirmativo
112,Iglesias,Fernando Adolfo,Ciudad De Buenos Aires,H,Hombre,PRO,Cambiemos,Afirmativo
113,Igon,Santiago Nicolas,Chubut,H,Hombre,FRENTE PARA LA VICTORIA - PJ,Frente para la Victoria - Pj,Negativo
114,Incicco,Lucas Ciriaco,Santa Fe,H,Hombre,PRO,Cambiemos,Afirmativo
115,Infante,Hugo Orlando,Santiago Del Estero,H,Hombre,FRENTE CIVICO POR SANTIAGO,Frente Civico Por Santiago,Afirmativo
116,Kicillof,Axel,Ciudad De Buenos Aires,H,Hombre,FRENTE PARA LA VICTORIA - PJ,Frente para la Victoria - Pj,Negativo
117,Kirchner,Maximo Carlos,Santa Cruz,H,Hombre,FRENTE PARA LA VICTORIA - PJ,Frente para la Victoria - Pj,Afirmativo
118,Kosiner,Pablo Francisco Juan,Salta,H,Hombre,JUSTICIALISTA,Argentina Federal,Afirmativo
119,Kroneberger,Daniel Ricardo,La Pampa,H,Hombre,UCR,Cambiemos,Negativo
120,Lacoste,Jorge Enrique,Entre Rios,H,Hombre,UCR,Cambiemos,Afirmativo
121,Larroque,Andres,Ciudad De Buenos Aires,H,Hombre,FRENTE PARA LA VICTORIA - PJ,Frente para la Victoria - Pj,Afirmativo
122,Laspina,Luciano Andres,Santa Fe,H,Hombre,PRO,Cambiemos,Negativo
123,Lavagna,Marco,Ciudad De Buenos Aires,H,Hombre,FEDERAL UNIDOS POR UNA NUEVA ARGENTINA,Renovador UNA,Afirmativo
124,Leavy,Sergio Napoleon,Salta,H,Hombre,FRENTE PARA LA VICTORIA - PJ,Frente para la Victoria - Pj,Afirmativo
125,Lehmann,Maria Lucila,Santa Fe,M,Mujer,COALICION CIVICA,Cambiemos,Negativo
126,Lipovetzky,Daniel Andres,Buenos Aires,H,Hombre,PRO,Cambiemos,Negativo
127,Llanos Massa,Ana Maria,Chubut,M,Mujer,FRENTE PARA LA VICTORIA - PJ,Frente para la Victoria - Pj,Ausente
128,Llaryora,Martin Miguel,Cordoba,H,Hombre,CORDOBA FEDERAL,Argentina Federal,Afirmativo
129,Lopez Koenig,Leandro Gaston,Neuquen,H,Hombre,PRO,Cambiemos,Negativo
130,Lopez,Juan Manuel,Ciudad De Buenos Aires,H,Hombre,COALICION CIVICA,Cambiemos,Afirmativo
131,Lospennato,Silvia Gabriela,Buenos Aires,M,Mujer,PRO,Cambiemos,Afirmativo
132,Lotto,Ines Beatriz,Formosa,M,Mujer,FRENTE PARA LA VICTORIA - PJ,Frente para la Victoria - Pj,Afirmativo
133,Lousteau,Martin,Ciudad De Buenos Aires,H,Hombre,EVOLUCION RADICAL,Evolucion Radical,Afirmativo
134,Macha,Monica,Buenos Aires,M,Mujer,FRENTE PARA LA VICTORIA - PJ,Frente para la Victoria - Pj,Afirmativo
135,Macias,Oscar Alberto,Corrientes,H,Hombre,JUSTICIALISTA,Argentina Federal,Afirmativo
136,Maquieyra,Martin,La Pampa,H,Hombre,PRO,Cambiemos,Afirmativo
137,Marcucci,Hugo Maria,Santa Fe,H,Hombre,UCR,Cambiemos,Negativo
138,Martiarena,Jose Luis,Jujuy,H,Hombre,JUSTICIALISTA,Argentina Federal,Negativo
139,Martinez Villada,Leonor Maria,Cordoba,M,Mujer,COALICION CIVICA,Cambiemos,Negativo
140,Martinez,Norman Dario,Neuquen,H,Hombre,FRENTE PARA LA VICTORIA - PJ,Frente para la Victoria - Pj,Negativo
141,Martinez,Silvia Alejandra,Jujuy,M,Mujer,UCR,Cambiemos,Negativo
142,Masin,Maria Lucila,Chaco,M,Mujer,FRENTE PARA LA VICTORIA - PJ,Frente para la Victoria - Pj,Negativo
143,Massetani,Vanesa Laura,Santa Fe,M,Mujer,FEDERAL UNIDOS POR UNA NUEVA ARGENTINA,Renovador UNA,Negativo
144,Massot,Nicolas Maria,Cordoba,H,Hombre,PRO,Cambiemos,Negativo
145,Matzen,Lorena,Rio Negro,M,Mujer,UCR,Cambiemos,Negativo
146,Medina,Gladys,Tucuman,M,Mujer,JUSTICIALISTA POR TUCUMAN,Argentina Federal,Afirmativo
147,Medina,Martin Nicolas,Buenos Aires,H,Hombre,PRO,Cambiemos,Afirmativo
148,Mendoza,Josefina,Buenos Aires,M,Mujer,UCR,Cambiemos,Negativo
149,Mendoza,Mayra Soledad,Buenos Aires,M,Mujer,FRENTE PARA LA VICTORIA - PJ,Frente para la Victoria - Pj,Afirmativo
150,Menna,Gustavo,Chubut,H,Hombre,UCR,Cambiemos,Negativo
151,Mercado,Veronica,Catamarca,M,Mujer,FRENTE PARA LA VICTORIA - PJ,Frente para la Victoria - Pj,Afirmativo
152,Mestre,Diego Matias,Cordoba,H,Hombre,UCR,Cambiemos,Afirmativo
153,Miranda,Pedro Ruben,Mendoza,H,Hombre,JUSTICIALISTA,Argentina Federal,Afirmativo
154,Moises,Maria Carolina,Jujuy,M,Mujer,JUSTICIALISTA,Argentina Federal,Negativo
155,Molina,Karina Alejandra,La Rioja,M,Mujer,PRO,Cambiemos,Negativo
156,Monaldi,Osmar Antonio,Jujuy,H,Hombre,PRO,Cambiemos,Negativo
157,Monfort,Marcelo Alejandro,Entre Rios,H,Hombre,UCR,Cambiemos,Ausente
158,Montenegro,Guillermo Tristan,Buenos Aires,H,Hombre,PRO,Cambiemos,Afirmativo
159,Monzo,Emilio,Buenos Aires,H,Hombre,PRO,Cambiemos,Negativo
160,Morales,Flavia,Misiones,M,Mujer,FRENTE DE LA CONCORDIA MISIONERO,Argentina Federal,Negativo
161,Morales,Mariana Elizabet,Santiago Del Estero,M,Mujer,FEDERAL UNIDOS POR UNA NUEVA ARGENTINA,Renovador UNA,Afirmativo
162,Moreau,Cecilia,Buenos Aires,M,Mujer,FEDERAL UNIDOS POR UNA NUEVA ARGENTINA,Renovador UNA,Negativo
163,Moreau,Leopoldo Raul Guido,Buenos Aires,H,Hombre,FRENTE PARA LA VICTORIA - PJ,Frente para la Victoria - Pj,Negativo
164,Mosqueda,Juan,Chaco,H,Hombre,JUSTICIALISTA,Argentina Federal,Afirmativo
165,Moyano,Juan Facundo,Buenos Aires,H,Hombre,FEDERAL UNIDOS POR UNA NUEVA ARGENTINA,Renovador UNA,Negativo
166,Muñoz,Rosa Rosario,Chubut,M,Mujer,TRABAJO Y DIGNIDAD,Renovador UNA,Negativo
167,Najul,Claudia,Mendoza,M,Mujer,UCR,Cambiemos,Afirmativo
168,Nanni,Miguel,Salta,H,Hombre,UCR,Cambiemos,Negativo
169,Navarro,Graciela,Santiago Del Estero,M,Mujer,FRENTE CIVICO POR SANTIAGO,Frente Civico Por Santiago,Afirmativo
170,Nazario,Adriana Monica,Cordoba,M,Mujer,CORDOBA TRABAJO Y PRODUCCION,Renovador UNA,Afirmativo
171,Neder,Estela Mary,Santiago Del Estero,M,Mujer,FRENTE CIVICO POR SANTIAGO,Frente Civico Por Santiago,Negativo
172,Negri,Mario Raul,Cordoba,H,Hombre,UCR,Cambiemos,Negativo
173,Nuñez,Jose Carlos,Santa Fe,H,Hombre,PRO,Cambiemos,Negativo
174,Ocaña,Maria Graciela,Buenos Aires,M,Mujer,PRO,Cambiemos,Negativo
175,Olivares,Hector Enrique,La Rioja,H,Hombre,UCR,Cambiemos,Negativo
176,Oliveto Lago,Paula Mariana,Ciudad De Buenos Aires,M,Mujer,COALICION CIVICA,Cambiemos,Negativo
177,Olmedo,Alfredo Horacio,Salta,H,Hombre,SALTA SOMOS TODOS,Cambiemos,Afirmativo
178,Orellana,Jose Fernando,Tucuman,H,Hombre,PRIMERO TUCUMAN,Primero Tucuman,Afirmativo
179,Passo,Marcela Fabiana,Buenos Aires,M,Mujer,FEDERAL UNIDOS POR UNA NUEVA ARGENTINA,Renovador UNA,Negativo
180,Pastori,Luis Mario,Misiones,H,Hombre,UCR,Cambiemos,Afirmativo
181,Pastoriza,Mirta Ameliana,Santiago Del Estero,M,Mujer,FRENTE CIVICO POR SANTIAGO,Frente Civico Por Santiago,Afirmativo
182,Peñaloza Marianetti,Maria Florencia,San Juan,M,Mujer,SOMOS SAN JUAN,Argentina Federal,Afirmativo
183,Pereyra,Juan Manuel,Cordoba,H,Hombre,CONCERTACION FORJA,Frente para la Victoria - Pj,Afirmativo
184,Perez,Martin Alejandro,Tierra Del Fuego,H,Hombre,FRENTE PARA LA VICTORIA - PJ,Frente para la Victoria - Pj,Afirmativo
185,Perez,Raul Joaquin,Buenos Aires,H,Hombre,FEDERAL UNIDOS POR UNA NUEVA ARGENTINA,Renovador UNA,Negativo
186,Pertile,Elda,Chaco,M,Mujer,JUSTICIALISTA,Argentina Federal,Afirmativo
187,Petri,Luis Alfonso,Mendoza,H,Hombre,UCR,Cambiemos,Afirmativo
188,Piccolomini,Maria Carla,Buenos Aires,M,Mujer,PRO,Cambiemos,Afirmativo
189,Pietragalla Corti,Horacio,Buenos Aires,H,Hombre,FRENTE PARA LA VICTORIA - PJ,Frente para la Victoria - Pj,Afirmativo
190,Pitiot,Carla Betina,Ciudad De Buenos Aires,M,Mujer,FEDERAL UNIDOS POR UNA NUEVA ARGENTINA,Renovador UNA,Negativo
191,Polledo,Carmen,Ciudad De Buenos Aires,M,Mujer,PRO,Cambiemos,Negativo
192,Pretto,Pedro Javier,Cordoba,H,Hombre,PRO,Cambiemos,Afirmativo
193,Quetglas,Fabio Jose,Buenos Aires,H,Hombre,UCR,Cambiemos,Abstención
194,Rach Quiroga,Analia,Chaco,M,Mujer,FRENTE PARA LA VICTORIA - PJ,Frente para la Victoria - Pj,Afirmativo
195,Ramon,Jose Luis,Mendoza,H,Hombre,PARTIDO INTRANSIGENTE,Partido Intransigente,Negativo
196,Ramos,Alejandro,Santa Fe,H,Hombre,PRIMERO ARGENTINA,Primero Argentina,Afirmativo
197,Rauschenberger,Ariel,La Pampa,H,Hombre,JUSTICIALISTA,Argentina Federal,Negativo
198,Raverta,Maria Fernanda,Buenos Aires,M,Mujer,FRENTE PARA LA VICTORIA - PJ,Frente para la Victoria - Pj,Negativo
199,Regidor Belledone,Estela Mercedes,Corrientes,M,Mujer,UCR,Cambiemos,Afirmativo
200,Reyes,Roxana Nahir,Santa Cruz,M,Mujer,UCR,Cambiemos,Negativo
201,Riccardo,Jose Luis,San Luis,H,Hombre,UCR,Cambiemos,Negativo
202,Ricci,Nadia Lorena,Santa Cruz,M,Mujer,UCR,Cambiemos,Afirmativo
203,Rista,Olga Maria,Cordoba,M,Mujer,UCR,Cambiemos,Afirmativo
204,Rodenas,Alejandra,Santa Fe,M,Mujer,NUEVO ESPACIO SANTAFESINO,Nuevo Espacio Santafesino,Afirmativo
205,Rodriguez,Matias David,Tierra Del Fuego,H,Hombre,FRENTE PARA LA VICTORIA - PJ,Frente para la Victoria - Pj,Negativo
206,Rodriguez,Rodrigo Martin,Buenos Aires,H,Hombre,FRENTE PARA LA VICTORIA - PJ,Frente para la Victoria - Pj,Negativo
207,Roma,Carlos Gaston,Tierra Del Fuego,H,Hombre,PRO,Cambiemos,Afirmativo
208,Romero,Jorge Antonio,Corrientes,H,Hombre,FRENTE PARA LA VICTORIA - PJ,Frente para la Victoria - Pj,Ausente
209,Rossi,Agustin Oscar,Santa Fe,H,Hombre,FRENTE PARA LA VICTORIA - PJ,Frente para la Victoria - Pj,Afirmativo
210,Rosso,Victoria,San Luis,M,Mujer,UNIDAD JUSTICIALISTA,Unidad Justicialista,Afirmativo
211,Ruiz Aragon,Jose Arnaldo,Corrientes,H,Hombre,FRENTE PARA LA VICTORIA - PJ,Frente para la Victoria - Pj,Abstención
212,Russo,Laura,Buenos Aires,M,Mujer,FRENTE PARA LA VICTORIA - PJ,Frente para la Victoria - Pj,Negativo
213,Saadi,Gustavo Arturo,Catamarca,H,Hombre,ELIJO CATAMARCA,Elijo Catamarca,Negativo
214,Sahad,Julio Enrique,La Rioja,H,Hombre,PRO,Cambiemos,Afirmativo
215,Salvarezza,Roberto,Buenos Aires,H,Hombre,FRENTE PARA LA VICTORIA - PJ,Frente para la Victoria - Pj,Negativo
216,Santillan,Walter Marcelo,Tucuman,H,Hombre,FRENTE PARA LA VICTORIA - PJ,Frente para la Victoria - Pj,Negativo
217,Sapag,Alma Liliana,Neuquen,M,Mujer,MOV POP NEUQUINO,Mov Pop Neuquino,Afirmativo
218,Scaglia,Gisela,Santa Fe,M,Mujer,PRO,Cambiemos,Afirmativo
219,Schlereth,David Pablo,Neuquen,H,Hombre,PRO,Cambiemos,Afirmativo
220,Schmidt Liermann,Cornelia,Ciudad De Buenos Aires,M,Mujer,PRO,Cambiemos,Afirmativo
221,Scioli,Daniel,Buenos Aires,H,Hombre,FRENTE PARA LA VICTORIA - PJ,Frente para la Victoria - Pj,Negativo
222,Selva,Carlos Americo,Buenos Aires,H,Hombre,FEDERAL UNIDOS POR UNA NUEVA ARGENTINA,Renovador UNA,Negativo
223,Sierra,Magdalena,Buenos Aires,M,Mujer,FRENTE PARA LA VICTORIA - PJ,Frente para la Victoria - Pj,Negativo
224,Siley,Vanesa,Buenos Aires,M,Mujer,FRENTE PARA LA VICTORIA - PJ,Frente para la Victoria - Pj,Afirmativo
225,Snopek,Alejandro Francisco,Jujuy,H,Hombre,FEDERAL UNIDOS POR UNA NUEVA ARGENTINA,Renovador UNA,Negativo
226,Sola,Felipe Carlos,Buenos Aires,H,Hombre,FEDERAL UNIDOS POR UNA NUEVA ARGENTINA,Renovador UNA,Negativo
227,Solanas,Julio Rodolfo,Entre Rios,H,Hombre,FRENTE PARA LA VICTORIA - PJ,Frente para la Victoria - Pj,Afirmativo
228,Soraire,Mirta Alicia,Tucuman,M,Mujer,FRENTE PARA LA VICTORIA - PJ,Frente para la Victoria - Pj,Negativo
229,Soria,Maria Emilia,Rio Negro,M,Mujer,FRENTE PARA LA VICTORIA - PJ,Frente para la Victoria - Pj,Afirmativo
230,Stefani,Hector Antonio,Tierra Del Fuego,H,Hombre,PRO,Cambiemos,Afirmativo
231,Suarez Lastra,Facundo,Ciudad De Buenos Aires,H,Hombre,UCR,Cambiemos,Abstención
232,Taboada,Jorge,Chubut,H,Hombre,"CULTURA, EDUCACION Y TRABAJO",Renovador UNA,Afirmativo
233,Tailhade,Luis Rodolfo,Buenos Aires,H,Hombre,FRENTE PARA LA VICTORIA - PJ,Frente para la Victoria - Pj,Negativo
234,Terada,Alicia,Chaco,M,Mujer,COALICION CIVICA,Cambiemos,Negativo
235,Tonelli,Pablo Gabriel,Ciudad De Buenos Aires,H,Hombre,PRO,Cambiemos,Negativo
236,Torello,Pablo,Buenos Aires,H,Hombre,PRO,Cambiemos,Negativo
237,Tundis,Mirta,Buenos Aires,M,Mujer,FEDERAL UNIDOS POR UNA NUEVA ARGENTINA,Renovador UNA,Negativo
238,Urroz,Paula Marcela,Buenos Aires,M,Mujer,PRO,Cambiemos,Afirmativo
239,Vallejos,Fernanda,Buenos Aires,M,Mujer,FRENTE PARA LA VICTORIA - PJ,Frente para la Victoria - Pj,Afirmativo
240,Vallone,Andres Alberto,San Luis,H,Hombre,UNIDAD JUSTICIALISTA,Unidad Justicialista,Negativo
241,Vazquez,Juan Benedicto,Santa Cruz,H,Hombre,FRENTE PARA LA VICTORIA - PJ,Frente para la Victoria - Pj,Negativo
242,Vera Gonzalez,Orieta Cecilia,Catamarca,M,Mujer,COALICION CIVICA,Cambiemos,Negativo
243,Vigo,Alejandra Maria,Cordoba,M,Mujer,CORDOBA FEDERAL,Argentina Federal,Negativo
244,Villa,Natalia Soledad,Buenos Aires,M,Mujer,PRO,Cambiemos,Negativo
245,Villalonga,Juan Carlos,Ciudad De Buenos Aires,H,Hombre,PRO,Cambiemos,Negativo
246,Villavicencio,Maria Teresita,Tucuman,M,Mujer,EVOLUCION RADICAL,Evolucion Radical,Negativo
247,Volnovich,Luana,Buenos Aires,M,Mujer,FRENTE PARA LA VICTORIA - PJ,Frente para la Victoria - Pj,Negativo
248,Wechsler,Marcelo German,Ciudad De Buenos Aires,H,Hombre,PRO,Cambiemos,Negativo
249,Wellbach,Ricardo,Misiones,H,Hombre,FRENTE DE LA CONCORDIA MISIONERO,Argentina Federal,Negativo
250,Wisky,Sergio Javier,Rio Negro,H,Hombre,PRO,Cambiemos,Afirmativo
251,Wolff,Waldo Ezequiel,Buenos Aires,H,Hombre,PRO,Cambiemos,Negativo
252,Yasky,Hugo,Buenos Aires,H,Hombre,FRENTE PARA LA VICTORIA - PJ,Frente para la Victoria - Pj,Negativo
253,Yedlin,Pablo Raul,Tucuman,H,Hombre,JUSTICIALISTA POR TUCUMAN,Argentina Federal,Negativo
254,Zamarbide,Federico Raul,Mendoza,H,Hombre,UCR,Cambiemos,Afirmativo
255,Zamora,Claudia,Santiago Del Estero,M,Mujer,FRENTE CIVICO POR SANTIAGO,Frente Civico Por Santiago,Negativo
256,Ziliotto,Sergio Raul,La Pampa,H,Hombre,JUSTICIALISTA,Argentina Federal,Negativo
257,Zottos,Andres,Salta,H,Hombre,JUSTICIALISTA,Argentina Federal,Negativo
